rouge1,rouge2,rougeL,rougeLsum
0.008695652173913044,0.0,0.008695652173913044,0.008695652173913044
